3000,b''
3001,b''
3002,b''
3003,b''
3004,b''
3005,b''
3006,b''
3007,b''
3008,b''
3009,b''
3010,b''
3011,b''
3012,b''
3013,b''
3014,b''
3015,b''
3016,b''
3017,b''
3018,b''
3019,b''
3020,b''
3021,b''
3022,b''
3023,b''
3024,b''
3025,b''
3026,b''
3027,b''
3028,b''
3029,b''
3030,b''
3031,b''
3032,b''
3033,b''
3034,b''
3035,b''
3036,b''
3037,b''
3038,b''
3039,b''
3040,b''
3041,b''
3042,b''
3043,b''
3044,b''
3045,b''
3046,b''
3047,b''
3048,b''
3049,b''
3050,b''
3051,b''
3052,b''
3053,b''
3054,b''
3055,b''
3056,b''
3057,b''
3058,b''
3059,b''
3060,b''
3061,b''
3062,b''
3063,b''
3064,b''
3065,b''
3066,b''
3067,b''
3068,b''
3069,b''
3070,b''
3071,b''
3072,b''
3073,b''
3074,b''
3075,b''
3076,b''
3077,b''
3078,b''
3079,b''
3080,b''
3081,b''
3082,b''
3083,b''
3084,b''
3085,b''
3086,b''
3087,b''
3088,b''
3089,b''
3090,b''
3091,b''
3092,b''
3093,b''
3094,b''
3095,b''
3096,b''
3097,b''
3098,b''
3099,b''
3100,b''
3101,b''
3102,b''
3103,b''
3104,b''
3105,b''
3106,b''
3107,b''
3108,b''
3109,b''
3110,b''
3111,b''
3112,b''
3113,b''
3114,b''
3115,b''
3116,b''
3117,b''
3118,b''
3119,b''
3120,b''
3121,b''
3122,b''
3123,b''
3124,b''
3125,b''
3126,b''
3127,b''
3128,b''
3129,b''
3130,b''
3131,b''
3132,b''
3133,b''
3134,b''
3135,b''
3136,b''
3137,b''
3138,b''
3139,b''
3140,b''
3141,b''
3142,b''
3143,b''
3144,b''
3145,b''
3146,b''
3147,b''
3148,b''
3149,b''
3150,b''
3151,b''
3152,b''
3153,b''
3154,b''
3155,b''
3156,b''
3157,b''
3158,b''
3159,b''
3160,b''
3161,b''
3162,b''
3163,b''
3164,b''
3165,b''
3166,b''
3167,b''
3168,b''
3169,b''
3170,b''
3171,b''
3172,b''
3173,b''
3174,b''
3175,b''
3176,b''
3177,b''
3178,b''
3179,b''
3180,b''
3181,b''
3182,b''
3183,b''
3184,b''
3185,b''
3186,b''
3187,b''
3188,b''
3189,b''
3190,b''
3191,b''
3192,b''
3193,b''
3194,b''
3195,b''
3196,b''
3197,b''
3198,b''
3199,b''
3200,b''
3201,b''
3202,b''
3203,b''
3204,b''
3205,b''
3206,b''
3207,b''
3208,b''
3209,b''
3210,b''
3211,b''
3212,b''
3213,b''
3214,b''
3215,b''
3216,b''
3217,b''
3218,b''
3219,b''
3220,b''
3221,b''
3222,b''
3223,b''
3224,b''
3225,b''
3226,b''
3227,b''
3228,b''
3229,b''
3230,b''
3231,b''
3232,b''
3233,b''
3234,b''
3235,b''
3236,b''
3237,b''
3238,b''
3239,b''
3240,b''
3241,b''
3242,b''
3243,b''
3244,b''
3245,b''
3246,b''
3247,b''
3248,b''
3249,b''
3250,b''
3251,b''
3252,b''
3253,b''
3254,b''
3255,b''
3256,b''
3257,b''
3258,b''
3259,b''
3260,b''
3261,b''
3262,b''
3263,b''
3264,b''
3265,b''
3266,b''
3267,b''
3268,b''
3269,b''
3270,b''
3271,b''
3272,b''
3273,b''
3274,b''
3275,b''
3276,b''
3277,b''
3278,b''
3279,b''
3280,b''
3281,b''
3282,b''
3283,b''
3284,b''
3285,b''
3286,b''
3287,b''
3288,b''
3289,b''
3290,b''
3291,b''
3292,b''
3293,b''
3294,b''
3295,b''
3296,b''
3297,b''
3298,b''
3299,b''
3300,b''
3301,b''
3302,b''
3303,b''
3304,b''
3305,b''
3306,b''
3307,b''
3308,b''
3309,b''
3310,b''
3311,b''
3312,b''
3313,b''
3314,b''
3315,b''
3316,b''
3317,b''
3318,b''
3319,b''
3320,b''
3321,b''
3322,b''
3323,b''
3324,b''
3325,b''
3326,b''
2,b''
